Season,Height,Weight
Summer,176.0013003233699,70.9574213206087
Winter,174.9692055843835,70.96672689887221
