Season,Age
Summer,25.128651051797128
Winter,25.129484093611346
